{
  "hash": "1fd9743d",
  "configHash": "0e1ac48c",
  "lockfileHash": "20d0dcba",
  "browserHash": "5d34071b",
  "optimized": {
    "@angular/common/http": {
      "src": "../../../../../node_modules/@angular/common/fesm2022/http.mjs",
      "file": "@angular_common_http.js",
      "fileHash": "eca2693c",
      "needsInterop": false
    },
    "@angular/core": {
      "src": "../../../../../node_modules/@angular/core/fesm2022/core.mjs",
      "file": "@angular_core.js",
      "fileHash": "a0967790",
      "needsInterop": false
    },
    "@angular/platform-browser": {
      "src": "../../../../../node_modules/@angular/platform-browser/fesm2022/platform-browser.mjs",
      "file": "@angular_platform-browser.js",
      "fileHash": "33e52e8e",
      "needsInterop": false
    },
    "@angular/router": {
      "src": "../../../../../node_modules/@angular/router/fesm2022/router.mjs",
      "file": "@angular_router.js",
      "fileHash": "1029fe95",
      "needsInterop": false
    }
  },
  "chunks": {
    "chunk-CI5NOUYZ": {
      "file": "chunk-CI5NOUYZ.js"
    },
    "chunk-HXACIWX5": {
      "file": "chunk-HXACIWX5.js"
    },
    "chunk-7XNSWP76": {
      "file": "chunk-7XNSWP76.js"
    }
  }
}